atom,serial,name,resname,resid,x,y,z,charges,radius,sasa
ATOM,1.0,N,ALA,1.0,13.993,-11.345,8.108,-0.3,1.85,11.55
ATOM,2.0,CA,ALA,1.0,15.01,-11.25,7.027,0.21,2.275,4.48
ATOM,3.0,C,ALA,1.0,14.893,-9.934,6.264,0.51,2.0,1.62
ATOM,4.0,O,ALA,1.0,15.878,-9.432,5.724,-0.51,1.7,32.32
ATOM,5.0,CB,ALA,1.0,14.872,-12.425,6.069,-0.27,2.06,35.54
ATOM,6.0,H,ALA,1.0,13.091,-11.619,7.672,0.33,0.2245,11.75
ATOM,7.0,H2,ALA,1.0,13.924,-10.411,8.561,0.33,0.2245,12.37
ATOM,8.0,H3,ALA,1.0,14.317,-12.067,8.783,0.33,0.2245,20.26
ATOM,9.0,HA,ALA,1.0,15.989,-11.303,7.479,0.1,1.32,14.15
ATOM,10.0,HB1,ALA,1.0,14.866,-12.062,5.051,0.09,1.32,11.19
ATOM,11.0,HB2,ALA,1.0,13.948,-12.946,6.27,0.09,1.32,10.54
ATOM,12.0,HB3,ALA,1.0,15.703,-13.1,6.205,0.09,1.32,14.66
ATOM,13.0,N,GLY,2.0,13.686,-9.381,6.219,-0.47,1.85,2.19
ATOM,14.0,CA,GLY,2.0,13.473,-8.131,5.513,-0.02,2.175,11.22
ATOM,15.0,C,GLY,2.0,12.617,-7.159,6.3,0.51,2.0,1.88
ATOM,16.0,O,GLY,2.0,12.192,-7.462,7.415,-0.51,1.7,20.58
ATOM,17.0,H,GLY,2.0,12.935,-9.825,6.663,0.31,0.2245,4.45
ATOM,18.0,HA2,GLY,2.0,14.432,-7.673,5.316,0.09,1.32,8.66
ATOM,19.0,HA3,GLY,2.0,12.987,-8.341,4.572,0.09,1.32,6.71
ATOM,20.0,N,GLU,3.0,12.363,-5.99,5.718,-0.47,1.85,2.87
ATOM,21.0,CA,GLU,3.0,11.553,-4.972,6.369,0.07,2.275,0.36
ATOM,22.0,C,GLU,3.0,10.116,-5.449,6.546,0.51,2.0,0.0
ATOM,23.0,O,GLU,3.0,9.516,-5.249,7.602,-0.51,1.7,26.44
ATOM,24.0,CB,GLU,3.0,11.577,-3.678,5.556,-0.18,2.175,0.2
ATOM,25.0,CG,GLU,3.0,12.347,-2.551,6.228,-0.28,2.175,15.81
ATOM,26.0,CD,GLU,3.0,11.439,-1.5,6.84,0.62,2.0,3.71
ATOM,27.0,OE1,GLU,3.0,10.741,-0.801,6.076,-0.76,1.7,32.12
ATOM,28.0,OE2,GLU,3.0,11.429,-1.376,8.082,-0.76,1.7,43.73
ATOM,29.0,H,GLU,3.0,12.728,-5.809,4.828,0.31,0.2245,3.42
ATOM,30.0,HA,GLU,3.0,11.977,-4.782,7.344,0.09,1.32,6.43
ATOM,31.0,HB2,GLU,3.0,12.036,-3.878,4.6,0.09,1.32,1.75
ATOM,32.0,HB3,GLU,3.0,10.563,-3.346,5.395,0.09,1.32,0.12
ATOM,33.0,HG2,GLU,3.0,12.964,-2.968,7.008,0.09,1.32,9.07
ATOM,34.0,HG3,GLU,3.0,12.975,-2.075,5.489,0.09,1.32,13.99
ATOM,35.0,N,CYS,4.0,9.561,-6.077,5.508,-0.47,1.85,0.0
ATOM,36.0,CA,CYS,4.0,8.188,-6.567,5.575,0.07,2.275,0.76
ATOM,37.0,C,CYS,4.0,8.045,-7.961,4.965,0.51,2.0,0.07
ATOM,38.0,O,CYS,4.0,8.983,-8.504,4.381,-0.51,1.7,8.72
ATOM,39.0,CB,CYS,4.0,7.233,-5.586,4.881,-0.1,2.175,2.33
ATOM,40.0,SG,CYS,4.0,7.333,-5.561,3.068,-0.08,1.975,0.0
ATOM,41.0,H,CYS,4.0,10.081,-6.208,4.688,0.31,0.2245,0.0
ATOM,42.0,HA,CYS,4.0,7.918,-6.625,6.619,0.09,1.32,4.24
ATOM,43.0,HB2,CYS,4.0,6.219,-5.846,5.134,0.09,1.32,0.0
ATOM,44.0,HB3,CYS,4.0,7.44,-4.593,5.23,0.09,1.32,0.03
ATOM,45.0,N,THR,5.0,6.846,-8.521,5.109,-0.47,1.85,0.0
ATOM,46.0,CA,THR,5.0,6.522,-9.842,4.586,0.07,2.275,0.0
ATOM,47.0,C,THR,5.0,5.437,-9.718,3.52,0.51,2.0,0.0
ATOM,48.0,O,THR,5.0,4.43,-9.054,3.743,-0.51,1.7,0.0
ATOM,49.0,CB,THR,5.0,6.038,-10.764,5.708,0.14,2.275,0.82
ATOM,50.0,OG1,THR,5.0,7.082,-11.024,6.63,-0.66,1.77,23.44
ATOM,51.0,CG2,THR,5.0,5.523,-12.104,5.214,-0.27,2.06,21.32
ATOM,52.0,H,THR,5.0,6.155,-8.023,5.577,0.31,0.2245,0.0
ATOM,53.0,HA,THR,5.0,7.411,-10.247,4.147,0.09,1.32,1.39
ATOM,54.0,HB,THR,5.0,5.228,-10.275,6.231,0.09,1.32,0.0
ATOM,55.0,HG21,THR,5.0,5.009,-11.974,4.273,0.09,1.32,0.0
ATOM,56.0,HG22,THR,5.0,4.836,-12.515,5.94,0.09,1.32,14.22
ATOM,57.0,HG23,THR,5.0,6.353,-12.783,5.083,0.09,1.32,11.13
ATOM,58.0,HG1,THR,5.0,7.484,-10.163,6.967,0.43,0.2245,10.74
ATOM,59.0,N,PRO,6.0,5.629,-10.333,2.34,-0.29,1.85,0.0
ATOM,60.0,CA,PRO,6.0,4.657,-10.245,1.25,0.02,2.275,0.28
ATOM,61.0,C,PRO,6.0,3.36,-10.926,1.58,0.51,2.0,1.59
ATOM,62.0,O,PRO,6.0,3.02,-11.981,1.041,-0.51,1.7,24.9
ATOM,63.0,CB,PRO,6.0,5.352,-10.933,0.075,-0.18,2.175,1.65
ATOM,64.0,CG,PRO,6.0,6.351,-11.84,0.715,-0.18,2.175,13.08
ATOM,65.0,CD,PRO,6.0,6.803,-11.139,1.965,0.0,2.175,8.28
ATOM,66.0,HA,PRO,6.0,4.434,-9.214,1.017,0.09,1.32,0.0
ATOM,67.0,HB2,PRO,6.0,4.623,-11.486,-0.504,0.09,1.32,5.66
ATOM,68.0,HB3,PRO,6.0,5.828,-10.194,-0.55,0.09,1.32,0.0
ATOM,69.0,HG2,PRO,6.0,5.886,-12.782,0.961,0.09,1.32,9.95
ATOM,70.0,HG3,PRO,6.0,7.188,-11.996,0.053,0.09,1.32,2.1
ATOM,71.0,HD2,PRO,6.0,7.038,-11.861,2.735,0.09,1.32,4.01
ATOM,72.0,HD3,PRO,6.0,7.655,-10.51,1.758,0.09,1.32,2.03
ATOM,73.0,N,GLY,7.0,2.644,-10.282,2.466,-0.47,1.85,0.0
ATOM,74.0,CA,GLY,7.0,1.362,-10.771,2.898,-0.02,2.175,9.44
ATOM,75.0,C,GLY,7.0,0.619,-9.783,3.774,0.51,2.0,0.16
ATOM,76.0,O,GLY,7.0,-0.461,-10.103,4.264,-0.51,1.7,28.62
ATOM,77.0,H,GLY,7.0,2.998,-9.445,2.819,0.31,0.2245,0.0
ATOM,78.0,HA2,GLY,7.0,0.759,-10.982,2.026,0.09,1.32,11.65
ATOM,79.0,HA3,GLY,7.0,1.505,-11.688,3.451,0.09,1.32,11.29
ATOM,80.0,N,GLN,8.0,1.185,-8.586,4.004,-0.47,1.85,0.0
ATOM,81.0,CA,GLN,8.0,0.523,-7.625,4.848,0.07,2.275,0.25
ATOM,82.0,C,GLN,8.0,0.083,-6.4,4.064,0.51,2.0,0.0
ATOM,83.0,O,GLN,8.0,0.881,-5.773,3.377,-0.51,1.7,0.0
ATOM,84.0,CB,GLN,8.0,1.433,-7.219,6.013,-0.18,2.175,4.2
ATOM,85.0,CG,GLN,8.0,2.115,-8.399,6.689,-0.18,2.175,7.86
ATOM,86.0,CD,GLN,8.0,3.538,-8.09,7.109,0.55,2.0,1.6
ATOM,87.0,H,GLN,8.0,2.057,-8.352,3.617,0.31,0.2245,0.0
ATOM,88.0,HA,GLN,8.0,-0.342,-8.107,5.243,0.09,1.32,3.78
ATOM,89.0,HB2,GLN,8.0,2.199,-6.55,5.648,0.09,1.32,0.0
ATOM,90.0,HB3,GLN,8.0,0.842,-6.704,6.755,0.09,1.32,11.32
ATOM,91.0,HG2,GLN,8.0,1.549,-8.669,7.569,0.09,1.32,11.59
ATOM,92.0,HG3,GLN,8.0,2.131,-9.234,6.003,0.09,1.32,0.61
ATOM,93.0,OE1,GLN,8.0,4.242,-7.329,6.445,-0.55,1.7,2.63
ATOM,94.0,NE2,GLN,8.0,3.967,-8.679,8.218,-0.62,1.85,19.33
ATOM,95.0,HE21,GLN,8.0,3.349,-9.272,8.695,0.32,0.2245,15.99
ATOM,96.0,HE22,GLN,8.0,4.882,-8.498,8.514,0.3,0.2245,13.02
ATOM,97.0,N,THR,9.0,-1.196,-6.068,4.182,-0.47,1.85,0.0
ATOM,98.0,CA,THR,9.0,-1.751,-4.918,3.511,0.07,2.275,0.0
ATOM,99.0,C,THR,9.0,-1.96,-3.794,4.521,0.51,2.0,0.0
ATOM,100.0,O,THR,9.0,-2.338,-4.048,5.664,-0.51,1.7,22.27
ATOM,101.0,CB,THR,9.0,-3.075,-5.288,2.851,0.14,2.275,0.05
ATOM,102.0,OG1,THR,9.0,-4.101,-5.419,3.819,-0.66,1.77,14.69
ATOM,103.0,CG2,THR,9.0,-3.021,-6.577,2.058,-0.27,2.06,21.82
ATOM,104.0,H,THR,9.0,-1.782,-6.607,4.742,0.31,0.2245,6.01
ATOM,105.0,HA,THR,9.0,-1.053,-4.599,2.757,0.09,1.32,0.0
ATOM,106.0,HB,THR,9.0,-3.347,-4.501,2.18,0.09,1.32,0.0
ATOM,107.0,HG21,THR,9.0,-2.852,-6.353,1.015,0.09,1.32,2.16
ATOM,108.0,HG22,THR,9.0,-3.959,-7.102,2.165,0.09,1.32,12.77
ATOM,109.0,HG23,THR,9.0,-2.218,-7.196,2.428,0.09,1.32,0.02
ATOM,110.0,HG1,THR,9.0,-4.912,-4.881,3.556,0.43,0.2245,18.48
ATOM,111.0,N,LYS,10.0,-1.712,-2.559,4.107,-0.47,1.85,0.0
ATOM,112.0,CA,LYS,10.0,-1.877,-1.419,4.998,0.07,2.275,0.63
ATOM,113.0,C,LYS,10.0,-2.859,-0.409,4.407,0.51,2.0,0.78
ATOM,114.0,O,LYS,10.0,-2.949,-0.264,3.188,-0.51,1.7,0.0
ATOM,115.0,CB,LYS,10.0,-0.526,-0.751,5.267,-0.18,2.175,7.62
ATOM,116.0,CG,LYS,10.0,0.025,0.011,4.075,-0.18,2.175,0.0
ATOM,117.0,CD,LYS,10.0,1.505,0.311,4.24,-0.18,2.175,0.03
ATOM,118.0,CE,LYS,10.0,1.73,1.724,4.75,0.21,2.175,7.87
ATOM,119.0,NZ,LYS,10.0,0.856,2.036,5.914,-0.3,1.85,8.43
ATOM,120.0,H,LYS,10.0,-1.413,-2.41,3.189,0.31,0.2245,0.0
ATOM,121.0,HA,LYS,10.0,-2.27,-1.79,5.929,0.09,1.32,6.12
ATOM,122.0,HB2,LYS,10.0,-0.636,-0.06,6.09,0.09,1.32,3.04
ATOM,123.0,HB3,LYS,10.0,0.19,-1.512,5.542,0.09,1.32,2.96
ATOM,124.0,HG2,LYS,10.0,-0.114,-0.585,3.187,0.09,1.32,0.0
ATOM,125.0,HG3,LYS,10.0,-0.514,0.941,3.975,0.09,1.32,0.0
ATOM,126.0,HD2,LYS,10.0,1.928,-0.388,4.945,0.09,1.32,1.8
ATOM,127.0,HD3,LYS,10.0,1.993,0.201,3.283,0.09,1.32,0.3
ATOM,128.0,HE2,LYS,10.0,2.763,1.826,5.048,0.05,1.32,11.79
ATOM,129.0,HE3,LYS,10.0,1.515,2.42,3.952,0.05,1.32,0.05
ATOM,130.0,HZ1,LYS,10.0,-0.144,1.982,5.634,0.33,0.2245,0.17
ATOM,131.0,HZ2,LYS,10.0,1.055,2.994,6.266,0.33,0.2245,9.03
ATOM,132.0,HZ3,LYS,10.0,1.027,1.355,6.681,0.33,0.2245,13.9
ATOM,133.0,N,LYS,11.0,-3.591,0.287,5.272,-0.47,1.85,1.35
ATOM,134.0,CA,LYS,11.0,-4.559,1.281,4.819,0.07,2.275,0.0
ATOM,135.0,C,LYS,11.0,-3.995,2.692,4.957,0.51,2.0,0.0
ATOM,136.0,O,LYS,11.0,-3.925,3.243,6.055,-0.51,1.7,1.33
ATOM,137.0,CB,LYS,11.0,-5.877,1.154,5.59,-0.18,2.175,10.82
ATOM,138.0,CG,LYS,11.0,-5.724,1.209,7.103,-0.18,2.175,10.58
ATOM,139.0,CD,LYS,11.0,-6.138,2.564,7.657,-0.18,2.175,10.53
ATOM,140.0,CE,LYS,11.0,-5.144,3.076,8.688,0.21,2.175,16.73
ATOM,141.0,NZ,LYS,11.0,-4.717,4.473,8.401,-0.3,1.85,9.74
ATOM,142.0,H,LYS,11.0,-3.478,0.13,6.232,0.31,0.2245,3.37
ATOM,143.0,HA,LYS,11.0,-4.75,1.093,3.773,0.09,1.32,0.0
ATOM,144.0,HB2,LYS,11.0,-6.534,1.957,5.29,0.09,1.32,4.85
ATOM,145.0,HB3,LYS,11.0,-6.339,0.212,5.332,0.09,1.32,13.78
ATOM,146.0,HG2,LYS,11.0,-6.348,0.446,7.545,0.09,1.32,14.64
ATOM,147.0,HG3,LYS,11.0,-4.692,1.024,7.36,0.09,1.32,1.37
ATOM,148.0,HD2,LYS,11.0,-6.193,3.272,6.844,0.09,1.32,0.01
ATOM,149.0,HD3,LYS,11.0,-7.108,2.47,8.121,0.09,1.32,14.2
ATOM,150.0,HE2,LYS,11.0,-5.607,3.045,9.663,0.05,1.32,14.59
ATOM,151.0,HE3,LYS,11.0,-4.274,2.435,8.683,0.05,1.32,8.48
ATOM,152.0,HZ1,LYS,11.0,-5.539,5.051,8.133,0.33,0.2245,13.31
ATOM,153.0,HZ2,LYS,11.0,-4.03,4.484,7.621,0.33,0.2245,2.87
ATOM,154.0,HZ3,LYS,11.0,-4.273,4.891,9.244,0.33,0.2245,21.42
ATOM,155.0,N,GLN,12.0,-3.608,3.271,3.825,-0.47,1.85,0.0
ATOM,156.0,CA,GLN,12.0,-3.061,4.616,3.79,0.07,2.275,0.0
ATOM,157.0,C,GLN,12.0,-4.055,5.542,3.111,0.51,2.0,0.0
ATOM,158.0,O,GLN,12.0,-4.353,5.388,1.927,-0.51,1.7,1.46
ATOM,159.0,CB,GLN,12.0,-1.724,4.635,3.044,-0.18,2.175,0.0
ATOM,160.0,CG,GLN,12.0,-0.898,5.885,3.302,-0.18,2.175,12.32
ATOM,161.0,CD,GLN,12.0,0.151,5.681,4.379,0.55,2.0,2.13
ATOM,162.0,H,GLN,12.0,-3.708,2.784,2.985,0.31,0.2245,0.0
ATOM,163.0,HA,GLN,12.0,-2.909,4.946,4.807,0.09,1.32,0.03
ATOM,164.0,HB2,GLN,12.0,-1.144,3.778,3.348,0.09,1.32,0.0
ATOM,165.0,HB3,GLN,12.0,-1.917,4.57,1.983,0.09,1.32,0.52
ATOM,166.0,HG2,GLN,12.0,-0.4,6.168,2.386,0.09,1.32,9.4
ATOM,167.0,HG3,GLN,12.0,-1.56,6.681,3.611,0.09,1.32,3.9
ATOM,168.0,OE1,GLN,12.0,-0.088,5.956,5.555,-0.55,1.7,29.55
ATOM,169.0,NE2,GLN,12.0,1.323,5.197,3.983,-0.62,1.85,15.65
ATOM,170.0,HE21,GLN,12.0,1.445,5.0,3.03,0.32,0.2245,7.01
ATOM,171.0,HE22,GLN,12.0,2.02,5.059,4.658,0.3,0.2245,12.94
ATOM,172.0,N,ASP,13.0,-4.592,6.477,3.88,-0.47,1.85,0.75
ATOM,173.0,CA,ASP,13.0,-5.587,7.411,3.372,0.07,2.275,3.06
ATOM,174.0,C,ASP,13.0,-6.901,6.667,3.142,0.51,2.0,0.62
ATOM,175.0,O,ASP,13.0,-7.588,6.31,4.098,-0.51,1.7,23.15
ATOM,176.0,CB,ASP,13.0,-5.085,8.096,2.092,-0.28,2.175,9.84
ATOM,177.0,CG,ASP,13.0,-6.101,9.057,1.508,0.62,2.0,3.03
ATOM,178.0,OD1,ASP,13.0,-6.444,10.046,2.188,-0.76,1.7,36.2
ATOM,179.0,OD2,ASP,13.0,-6.555,8.819,0.369,-0.76,1.7,2.93
ATOM,180.0,H,ASP,13.0,-4.33,6.521,4.818,0.31,0.2245,6.84
ATOM,181.0,HA,ASP,13.0,-5.752,8.159,4.125,0.09,1.32,11.51
ATOM,182.0,HB2,ASP,13.0,-4.186,8.649,2.319,0.09,1.32,11.52
ATOM,183.0,HB3,ASP,13.0,-4.859,7.345,1.351,0.09,1.32,1.14
ATOM,184.0,N,CYS,14.0,-7.241,6.415,1.889,-0.47,1.85,0.0
ATOM,185.0,CA,CYS,14.0,-8.453,5.693,1.564,0.07,2.275,0.52
ATOM,186.0,C,CYS,14.0,-8.122,4.424,0.785,0.51,2.0,0.07
ATOM,187.0,O,CYS,14.0,-8.899,3.469,0.769,-0.51,1.7,25.72
ATOM,188.0,CB,CYS,14.0,-9.383,6.584,0.753,-0.1,2.175,1.38
ATOM,189.0,SG,CYS,14.0,-11.151,6.252,1.009,-0.08,1.975,34.57
ATOM,190.0,H,CYS,14.0,-6.662,6.709,1.167,0.31,0.2245,0.0
ATOM,191.0,HA,CYS,14.0,-8.935,5.421,2.487,0.09,1.32,5.57
ATOM,192.0,HB2,CYS,14.0,-9.203,7.614,1.02,0.09,1.32,5.12
ATOM,193.0,HB3,CYS,14.0,-9.17,6.449,-0.297,0.09,1.32,0.0
ATOM,194.0,N,ASN,15.0,-6.962,4.436,0.132,-0.47,1.85,0.0
ATOM,195.0,CA,ASN,15.0,-6.49,3.331,-0.662,0.07,2.275,0.16
ATOM,196.0,C,ASN,15.0,-5.864,2.251,0.196,0.51,2.0,0.05
ATOM,197.0,O,ASN,15.0,-5.685,2.408,1.408,-0.51,1.7,1.37
ATOM,198.0,CB,ASN,15.0,-5.438,3.834,-1.638,-0.18,2.175,0.24
ATOM,199.0,CG,ASN,15.0,-5.744,5.215,-2.188,0.55,2.0,0.0
ATOM,200.0,H,ASN,15.0,-6.4,5.224,0.173,0.31,0.2245,0.0
ATOM,201.0,HA,ASN,15.0,-7.318,2.916,-1.214,0.09,1.32,7.52
ATOM,202.0,HB2,ASN,15.0,-4.488,3.867,-1.134,0.09,1.32,0.01
ATOM,203.0,HB3,ASN,15.0,-5.37,3.156,-2.451,0.09,1.32,0.86
ATOM,204.0,OD1,ASN,15.0,-6.657,5.899,-1.725,-0.55,1.7,0.0
ATOM,205.0,ND2,ASN,15.0,-4.983,5.634,-3.183,-0.62,1.85,1.36
ATOM,206.0,HD21,ASN,15.0,-4.274,5.042,-3.508,0.32,0.2245,0.0
ATOM,207.0,HD22,ASN,15.0,-5.162,6.519,-3.552,0.3,0.2245,0.0
ATOM,208.0,N,THR,16.0,-5.508,1.167,-0.468,-0.47,1.85,0.28
ATOM,209.0,CA,THR,16.0,-4.872,0.038,0.174,0.07,2.275,0.0
ATOM,210.0,C,THR,16.0,-3.496,-0.197,-0.421,0.51,2.0,0.0
ATOM,211.0,O,THR,16.0,-3.249,0.086,-1.593,-0.51,1.7,3.01
ATOM,212.0,CB,THR,16.0,-5.733,-1.211,0.022,0.14,2.275,5.46
ATOM,213.0,OG1,THR,16.0,-5.233,-2.274,0.813,-0.66,1.77,9.69
ATOM,214.0,CG2,THR,16.0,-5.837,-1.71,-1.404,-0.27,2.06,29.95
ATOM,215.0,H,THR,16.0,-5.666,1.136,-1.431,0.31,0.2245,1.55
ATOM,216.0,HA,THR,16.0,-4.762,0.266,1.224,0.09,1.32,0.0
ATOM,217.0,HB,THR,16.0,-6.726,-0.977,0.359,0.09,1.32,12.23
ATOM,218.0,HG21,THR,16.0,-6.066,-2.766,-1.4,0.09,1.32,13.44
ATOM,219.0,HG22,THR,16.0,-4.9,-1.547,-1.916,0.09,1.32,4.02
ATOM,220.0,HG23,THR,16.0,-6.624,-1.175,-1.914,0.09,1.32,12.16
ATOM,221.0,HG1,THR,16.0,-4.575,-1.933,1.497,0.43,0.2245,0.85
ATOM,222.0,N,CYS,17.0,-2.612,-0.711,0.4,-0.47,1.85,0.0
ATOM,223.0,CA,CYS,17.0,-1.248,-0.992,-0.013,0.07,2.275,0.0
ATOM,224.0,C,CYS,17.0,-0.871,-2.39,0.432,0.51,2.0,0.02
ATOM,225.0,O,CYS,17.0,-1.435,-2.889,1.405,-0.51,1.7,0.03
ATOM,226.0,CB,CYS,17.0,-0.288,0.032,0.611,-0.1,2.175,0.0
ATOM,227.0,SG,CYS,17.0,-1.1,1.475,1.379,-0.08,1.975,0.0
ATOM,228.0,H,CYS,17.0,-2.883,-0.909,1.321,0.31,0.2245,0.0
ATOM,229.0,HA,CYS,17.0,-1.194,-0.93,-1.089,0.09,1.32,2.51
ATOM,230.0,HB2,CYS,17.0,0.295,-0.449,1.377,0.09,1.32,0.0
ATOM,231.0,HB3,CYS,17.0,0.373,0.4,-0.15,0.09,1.32,0.0
ATOM,232.0,N,THR,18.0,0.092,-3.029,-0.236,-0.47,1.85,0.0
ATOM,233.0,CA,THR,18.0,0.487,-4.367,0.218,0.07,2.275,0.0
ATOM,234.0,C,THR,18.0,1.991,-4.444,0.412,0.51,2.0,0.0
ATOM,235.0,O,THR,18.0,2.722,-3.774,-0.322,-0.51,1.7,2.41
ATOM,236.0,CB,THR,18.0,0.042,-5.423,-0.802,0.14,2.275,5.05
ATOM,237.0,OG1,THR,18.0,-0.849,-4.864,-1.753,-0.66,1.77,22.11
ATOM,238.0,CG2,THR,18.0,-0.65,-6.612,-0.171,-0.27,2.06,13.4
ATOM,239.0,H,THR,18.0,0.548,-2.6,-0.992,0.31,0.2245,3.18
ATOM,240.0,HA,THR,18.0,0.001,-4.56,1.161,0.09,1.32,0.0
ATOM,241.0,HB,THR,18.0,0.911,-5.79,-1.33,0.09,1.32,5.7
ATOM,242.0,HG21,THR,18.0,-1.609,-6.765,-0.645,0.09,1.32,8.3
ATOM,243.0,HG22,THR,18.0,-0.795,-6.426,0.881,0.09,1.32,0.0
ATOM,244.0,HG23,THR,18.0,-0.041,-7.496,-0.3,0.09,1.32,6.64
ATOM,245.0,HG1,THR,18.0,-0.645,-3.888,-1.903,0.43,0.2245,8.69
ATOM,246.0,N,CYS,19.0,2.492,-5.282,1.305,-0.47,1.85,0.0
ATOM,247.0,CA,CYS,19.0,3.939,-5.409,1.409,0.07,2.275,0.0
ATOM,248.0,C,CYS,19.0,4.421,-6.174,0.178,0.51,2.0,0.0
ATOM,249.0,O,CYS,19.0,3.713,-7.067,-0.288,-0.51,1.7,4.72
ATOM,250.0,CB,CYS,19.0,4.344,-6.2,2.655,-0.1,2.175,0.0
ATOM,251.0,SG,CYS,19.0,5.998,-6.986,2.525,-0.08,1.975,0.0
ATOM,252.0,H,CYS,19.0,1.906,-5.85,1.852,0.31,0.2245,0.0
ATOM,253.0,HA,CYS,19.0,4.37,-4.412,1.422,0.09,1.32,0.0
ATOM,254.0,HB2,CYS,19.0,4.333,-5.558,3.511,0.09,1.32,0.0
ATOM,255.0,HB3,CYS,19.0,3.626,-6.991,2.81,0.09,1.32,0.0
ATOM,256.0,N,THR,20.0,5.615,-5.875,-0.345,-0.47,1.85,0.0
ATOM,257.0,CA,THR,20.0,6.094,-6.618,-1.495,0.07,2.275,0.0
ATOM,258.0,C,THR,20.0,7.045,-7.708,-1.03,0.51,2.0,0.0
ATOM,259.0,O,THR,20.0,7.685,-7.565,0.012,-0.51,1.7,0.0
ATOM,260.0,CB,THR,20.0,6.791,-5.685,-2.474,0.14,2.275,0.33
ATOM,261.0,OG1,THR,20.0,7.981,-5.169,-1.906,-0.66,1.77,0.0
ATOM,262.0,CG2,THR,20.0,5.927,-4.515,-2.892,-0.27,2.06,17.36
ATOM,263.0,H,THR,20.0,6.194,-5.166,0.049,0.31,0.2245,0.0
ATOM,264.0,HA,THR,20.0,5.242,-7.073,-1.978,0.09,1.32,1.17
ATOM,265.0,HB,THR,20.0,7.05,-6.242,-3.362,0.09,1.32,3.88
ATOM,266.0,HG21,THR,20.0,5.616,-3.966,-2.015,0.09,1.32,0.0
ATOM,267.0,HG22,THR,20.0,5.055,-4.881,-3.415,0.09,1.32,12.57
ATOM,268.0,HG23,THR,20.0,6.491,-3.865,-3.542,0.09,1.32,6.72
ATOM,269.0,HG1,THR,20.0,7.785,-4.356,-1.342,0.43,0.2245,0.0
ATOM,270.0,N,PRO,21.0,7.168,-8.813,-1.788,-0.29,1.85,0.0
ATOM,271.0,CA,PRO,21.0,8.069,-9.902,-1.424,0.02,2.275,1.1
ATOM,272.0,C,PRO,21.0,9.518,-9.528,-1.701,0.51,2.0,2.17
ATOM,273.0,O,PRO,21.0,10.268,-10.291,-2.308,-0.51,1.7,20.96
ATOM,274.0,CB,PRO,21.0,7.637,-11.078,-2.313,-0.18,2.175,13.1
ATOM,275.0,CG,PRO,21.0,6.534,-10.575,-3.195,-0.18,2.175,16.3
ATOM,276.0,CD,PRO,21.0,6.457,-9.076,-3.041,0.0,2.175,8.38
ATOM,277.0,HA,PRO,21.0,7.964,-10.166,-0.381,0.09,1.32,0.0
ATOM,278.0,HB2,PRO,21.0,8.479,-11.409,-2.899,0.09,1.32,7.57
ATOM,279.0,HB3,PRO,21.0,7.295,-11.889,-1.691,0.09,1.32,2.6
ATOM,280.0,HG2,PRO,21.0,6.756,-10.824,-4.222,0.09,1.32,14.56
ATOM,281.0,HG3,PRO,21.0,5.598,-11.028,-2.899,0.09,1.32,6.83
ATOM,282.0,HD2,PRO,21.0,6.945,-8.585,-3.869,0.09,1.32,7.08
ATOM,283.0,HD3,PRO,21.0,5.426,-8.76,-2.971,0.09,1.32,6.31
ATOM,284.0,N,THR,22.0,9.899,-8.336,-1.261,-0.47,1.85,1.1
ATOM,285.0,CA,THR,22.0,11.252,-7.835,-1.468,0.07,2.275,3.35
ATOM,286.0,C,THR,22.0,11.704,-6.958,-0.302,0.51,2.0,1.94
ATOM,287.0,O,THR,22.0,12.897,-6.695,-0.145,-0.51,1.7,23.04
ATOM,288.0,CB,THR,22.0,11.315,-7.041,-2.776,0.14,2.275,0.04
ATOM,289.0,OG1,THR,22.0,11.084,-7.89,-3.883,-0.66,1.77,22.86
ATOM,290.0,CG2,THR,22.0,12.64,-6.341,-3.008,-0.27,2.06,22.66
ATOM,291.0,H,THR,22.0,9.249,-7.776,-0.791,0.31,0.2245,0.0
ATOM,292.0,HA,THR,22.0,11.912,-8.683,-1.541,0.09,1.32,8.36
ATOM,293.0,HB,THR,22.0,10.541,-6.287,-2.763,0.09,1.32,0.0
ATOM,294.0,HG21,THR,22.0,13.426,-7.075,-3.098,0.09,1.32,13.2
ATOM,295.0,HG22,THR,22.0,12.853,-5.685,-2.176,0.09,1.32,1.71
ATOM,296.0,HG23,THR,22.0,12.585,-5.759,-3.917,0.09,1.32,10.64
ATOM,297.0,HG1,THR,22.0,10.763,-8.797,-3.579,0.43,0.2245,4.25
ATOM,298.0,N,GLY,23.0,10.752,-6.508,0.517,-0.47,1.85,1.31
ATOM,299.0,CA,GLY,23.0,11.085,-5.681,1.638,-0.02,2.175,1.03
ATOM,300.0,C,GLY,23.0,10.669,-4.231,1.458,0.51,2.0,0.11
ATOM,301.0,O,GLY,23.0,10.981,-3.398,2.31,-0.51,1.7,7.42
ATOM,302.0,H,GLY,23.0,9.826,-6.741,0.364,0.31,0.2245,0.0
ATOM,303.0,HA2,GLY,23.0,10.597,-6.079,2.515,0.09,1.32,0.0
ATOM,304.0,HA3,GLY,23.0,12.147,-5.724,1.785,0.09,1.32,4.65
ATOM,305.0,N,ILE,24.0,9.949,-3.909,0.373,-0.47,1.85,0.0
ATOM,306.0,CA,ILE,24.0,9.511,-2.554,0.168,0.07,2.275,0.17
ATOM,307.0,C,ILE,24.0,8.016,-2.448,0.295,0.51,2.0,0.0
ATOM,308.0,O,ILE,24.0,7.242,-3.126,-0.392,-0.51,1.7,0.0
ATOM,309.0,CB,ILE,24.0,9.951,-1.947,-1.155,-0.09,2.275,1.72
ATOM,310.0,CG1,ILE,24.0,9.292,-2.64,-2.363,-0.18,2.175,3.47
ATOM,311.0,CG2,ILE,24.0,11.474,-1.945,-1.265,-0.27,2.06,25.88
ATOM,312.0,CD1,ILE,24.0,10.068,-3.819,-2.908,-0.27,2.06,9.47
ATOM,313.0,H,ILE,24.0,9.691,-4.587,-0.277,0.31,0.2245,0.0
ATOM,314.0,HA,ILE,24.0,9.949,-1.962,0.957,0.09,1.32,2.94
ATOM,315.0,HB,ILE,24.0,9.62,-0.935,-1.113,0.09,1.32,9.5
ATOM,316.0,HG12,ILE,24.0,8.318,-2.996,-2.079,0.09,1.32,0.0
ATOM,317.0,HG13,ILE,24.0,9.181,-1.92,-3.163,0.09,1.32,14.27
ATOM,318.0,HG21,ILE,24.0,11.764,-1.885,-2.303,0.09,1.32,8.44
ATOM,319.0,HG22,ILE,24.0,11.868,-2.854,-0.834,0.09,1.32,1.52
ATOM,320.0,HG23,ILE,24.0,11.874,-1.094,-0.73,0.09,1.32,14.66
ATOM,321.0,HD11,ILE,24.0,9.406,-4.445,-3.489,0.09,1.32,3.38
ATOM,322.0,HD12,ILE,24.0,10.474,-4.391,-2.089,0.09,1.32,0.0
ATOM,323.0,HD13,ILE,24.0,10.871,-3.463,-3.536,0.09,1.32,7.03
ATOM,324.0,N,TRP,25.0,7.629,-1.645,1.244,-0.47,1.85,0.07
ATOM,325.0,CA,TRP,25.0,6.246,-1.45,1.556,0.07,2.275,0.0
ATOM,326.0,C,TRP,25.0,5.721,-0.325,0.651,0.51,2.0,0.02
ATOM,327.0,O,TRP,25.0,6.181,0.816,0.743,-0.51,1.7,25.79
ATOM,328.0,CB,TRP,25.0,6.117,-1.09,3.027,-0.18,2.175,9.82
ATOM,329.0,CG,TRP,25.0,5.099,-1.914,3.719,-0.03,1.9924,0.0
ATOM,330.0,CD1,TRP,25.0,5.233,-2.581,4.894,0.035,1.9924,9.47
ATOM,331.0,CD2,TRP,25.0,3.789,-2.171,3.253,-0.02,1.8,0.0
ATOM,332.0,NE1,TRP,25.0,4.058,-3.238,5.194,-0.61,1.85,5.58
ATOM,333.0,CE2,TRP,25.0,3.159,-2.998,4.19,0.13,1.8,0.0
ATOM,334.0,CE3,TRP,25.0,3.088,-1.772,2.126,-0.115,1.9924,0.0
ATOM,335.0,CZ2,TRP,25.0,1.851,-3.438,4.023,-0.115,1.9924,0.0
ATOM,336.0,CZ3,TRP,25.0,1.802,-2.204,1.963,-0.115,1.9924,0.0
ATOM,337.0,CH2,TRP,25.0,1.189,-3.034,2.903,-0.115,1.9924,0.0
ATOM,338.0,H,TRP,25.0,8.31,-1.18,1.771,0.31,0.2245,5.81
ATOM,339.0,HA,TRP,25.0,5.711,-2.365,1.351,0.09,1.32,0.0
ATOM,340.0,HB2,TRP,25.0,7.063,-1.263,3.505,0.09,1.32,0.25
ATOM,341.0,HB3,TRP,25.0,5.848,-0.051,3.129,0.09,1.32,5.27
ATOM,342.0,HD1,TRP,25.0,6.134,-2.581,5.487,0.115,1.3582,8.36
ATOM,343.0,HE1,TRP,25.0,3.89,-3.786,5.993,0.38,0.2245,9.9
ATOM,344.0,HE3,TRP,25.0,3.538,-1.133,1.388,0.115,1.3582,0.0
ATOM,345.0,HZ2,TRP,25.0,1.368,-4.084,4.729,0.115,1.3582,0.94
ATOM,346.0,HZ3,TRP,25.0,1.261,-1.915,1.089,0.115,1.3582,0.0
ATOM,347.0,HH2,TRP,25.0,0.174,-3.351,2.73,0.115,1.3582,0.0
ATOM,348.0,N,GLY,26.0,4.804,-0.66,-0.261,-0.47,1.85,0.0
ATOM,349.0,CA,GLY,26.0,4.293,0.34,-1.21,-0.02,2.175,11.62
ATOM,350.0,C,GLY,26.0,2.78,0.519,-1.219,0.51,2.0,2.21
ATOM,351.0,O,GLY,26.0,2.045,-0.341,-0.739,-0.51,1.7,1.05
ATOM,352.0,H,GLY,26.0,4.502,-1.591,-0.312,0.31,0.2245,0.0
ATOM,353.0,HA2,GLY,26.0,4.739,1.294,-0.981,0.09,1.32,6.33
ATOM,354.0,HA3,GLY,26.0,4.608,0.049,-2.199,0.09,1.32,11.97
ATOM,355.0,N,CYS,27.0,2.335,1.665,-1.776,-0.47,1.85,2.08
ATOM,356.0,CA,CYS,27.0,0.905,2.017,-1.861,0.07,2.275,3.24
ATOM,357.0,C,CYS,27.0,0.555,2.734,-3.179,0.51,2.0,1.98
ATOM,358.0,O,CYS,27.0,1.436,3.049,-3.981,-0.51,1.7,29.62
ATOM,359.0,CB,CYS,27.0,0.548,2.936,-0.69,-0.1,2.175,4.88
ATOM,360.0,SG,CYS,27.0,-1.182,2.825,-0.13,-0.08,1.975,0.23
ATOM,361.0,H,CYS,27.0,2.996,2.296,-2.128,0.31,0.2245,8.96
ATOM,362.0,HA,CYS,27.0,0.327,1.11,-1.791,0.09,1.32,0.28
ATOM,363.0,HB2,CYS,27.0,1.178,2.693,0.151,0.09,1.32,2.19
ATOM,364.0,HB3,CYS,27.0,0.733,3.961,-0.983,0.09,1.32,8.6
ATOM,365.0,N,THR,28.0,-0.748,3.006,-3.373,-0.47,1.85,0.44
ATOM,366.0,CA,THR,28.0,-1.243,3.708,-4.562,0.07,2.275,0.91
ATOM,367.0,C,THR,28.0,-1.758,5.096,-4.168,0.51,2.0,0.94
ATOM,368.0,O,THR,28.0,-1.672,5.48,-3.001,-0.51,1.7,12.8
ATOM,369.0,CB,THR,28.0,-2.348,2.893,-5.245,0.14,2.275,6.66
ATOM,370.0,OG1,THR,28.0,-3.014,3.67,-6.223,-0.66,1.77,16.26
ATOM,371.0,CG2,THR,28.0,-3.397,2.365,-4.289,-0.27,2.06,6.72
ATOM,372.0,H,THR,28.0,-1.396,2.741,-2.687,0.31,0.2245,0.0
ATOM,373.0,HA,THR,28.0,-0.419,3.832,-5.248,0.09,1.32,6.5
ATOM,374.0,HB,THR,28.0,-1.897,2.045,-5.739,0.09,1.32,14.36
ATOM,375.0,HG21,THR,28.0,-4.042,1.673,-4.811,0.09,1.32,14.28
ATOM,376.0,HG22,THR,28.0,-3.985,3.186,-3.91,0.09,1.32,0.0
ATOM,377.0,HG23,THR,28.0,-2.916,1.856,-3.467,0.09,1.32,0.0
ATOM,378.0,HG1,THR,28.0,-3.877,4.042,-5.858,0.43,0.2245,0.15
ATOM,379.0,N,ARG,29.0,-2.268,5.864,-5.135,-0.47,1.85,0.0
ATOM,380.0,CA,ARG,29.0,-2.749,7.22,-4.834,0.07,2.275,0.78
ATOM,381.0,C,ARG,29.0,-4.186,7.483,-5.244,0.51,2.0,0.0
ATOM,382.0,O,ARG,29.0,-5.004,7.942,-4.447,-0.51,1.7,1.22
ATOM,383.0,CB,ARG,29.0,-1.833,8.273,-5.464,-0.18,2.175,4.97
ATOM,384.0,CG,ARG,29.0,-1.21,7.853,-6.789,-0.18,2.175,8.42
ATOM,385.0,CD,ARG,29.0,-0.343,8.957,-7.391,0.2,2.175,12.67
ATOM,386.0,NE,ARG,29.0,-0.727,10.301,-6.935,-0.7,1.85,4.95
ATOM,387.0,CZ,ARG,29.0,-0.777,11.374,-7.729,0.64,2.0,2.96
ATOM,388.0,NH1,ARG,29.0,-0.499,11.271,-9.024,-0.8,1.85,21.76
ATOM,389.0,NH2,ARG,29.0,-1.104,12.562,-7.229,-0.8,1.85,29.26
ATOM,390.0,H,ARG,29.0,-2.295,5.529,-6.054,0.31,0.2245,0.3
ATOM,391.0,HA,ARG,29.0,-2.709,7.331,-3.797,0.09,1.32,4.95
ATOM,392.0,HB2,ARG,29.0,-2.407,9.172,-5.635,0.09,1.32,1.15
ATOM,393.0,HB3,ARG,29.0,-1.035,8.496,-4.772,0.09,1.32,11.19
ATOM,394.0,HG2,ARG,29.0,-0.595,6.981,-6.622,0.09,1.32,6.37
ATOM,395.0,HG3,ARG,29.0,-1.999,7.609,-7.484,0.09,1.32,1.09
ATOM,396.0,HD2,ARG,29.0,0.685,8.779,-7.112,0.09,1.32,14.67
ATOM,397.0,HD3,ARG,29.0,-0.432,8.913,-8.466,0.09,1.32,5.56
ATOM,398.0,HE,ARG,29.0,-0.94,10.414,-5.985,0.44,0.2245,5.09
ATOM,399.0,HH11,ARG,29.0,-0.249,10.39,-9.415,0.46,0.2245,10.31
ATOM,400.0,HH12,ARG,29.0,-0.539,12.08,-9.607,0.46,0.2245,17.88
ATOM,401.0,HH21,ARG,29.0,-1.313,12.658,-6.257,0.46,0.2245,16.4
ATOM,402.0,HH22,ARG,29.0,-1.137,13.363,-7.827,0.46,0.2245,18.34
ATOM,403.0,N,LYS,30.0,-4.464,7.227,-6.481,-0.47,1.85,0.0
ATOM,404.0,CA,LYS,30.0,-5.798,7.468,-7.042,0.07,2.275,0.2
ATOM,405.0,C,LYS,30.0,-6.828,6.448,-6.568,0.51,2.0,0.0
ATOM,406.0,O,LYS,30.0,-6.486,5.309,-6.26,-0.51,1.7,5.72
ATOM,407.0,CB,LYS,30.0,-5.752,7.491,-8.57,-0.18,2.175,2.67
ATOM,408.0,CG,LYS,30.0,-6.317,8.776,-9.155,-0.18,2.175,9.19
ATOM,409.0,CD,LYS,30.0,-5.603,9.179,-10.433,-0.18,2.175,13.96
ATOM,410.0,CE,LYS,30.0,-5.951,8.249,-11.582,0.21,2.175,18.16
ATOM,411.0,NZ,LYS,30.0,-4.977,7.13,-11.707,-0.3,1.85,11.26
ATOM,412.0,H,LYS,30.0,-3.747,6.892,-7.035,0.31,0.2245,0.48
ATOM,413.0,HA,LYS,30.0,-6.117,8.442,-6.701,0.09,1.32,0.0
ATOM,414.0,HB2,LYS,30.0,-4.727,7.387,-8.894,0.09,1.32,0.7
ATOM,415.0,HB3,LYS,30.0,-6.33,6.663,-8.953,0.09,1.32,5.92
ATOM,416.0,HG2,LYS,30.0,-7.364,8.63,-9.372,0.09,1.32,8.3
ATOM,417.0,HG3,LYS,30.0,-6.206,9.566,-8.427,0.09,1.32,9.31
ATOM,418.0,HD2,LYS,30.0,-5.899,10.184,-10.695,0.09,1.32,14.52
ATOM,419.0,HD3,LYS,30.0,-4.536,9.148,-10.265,0.09,1.32,1.78
ATOM,420.0,HE2,LYS,30.0,-6.935,7.84,-11.412,0.05,1.32,9.74
ATOM,421.0,HE3,LYS,30.0,-5.952,8.818,-12.501,0.05,1.32,14.8
ATOM,422.0,HZ1,LYS,30.0,-5.393,6.251,-11.336,0.33,0.2245,14.85
ATOM,423.0,HZ2,LYS,30.0,-4.113,7.344,-11.17,0.33,0.2245,10.6
ATOM,424.0,HZ3,LYS,30.0,-4.724,6.986,-12.706,0.33,0.2245,21.79
ATOM,425.0,N,ALA,31.0,-8.097,6.898,-6.537,-0.47,1.85,0.7
ATOM,426.0,CA,ALA,31.0,-9.264,6.102,-6.13,0.07,2.275,2.62
ATOM,427.0,C,ALA,31.0,-10.093,6.843,-5.069,0.51,2.0,0.0
ATOM,428.0,O,ALA,31.0,-9.965,8.054,-4.907,-0.51,1.7,0.21
ATOM,429.0,CB,ALA,31.0,-8.89,4.697,-5.642,-0.27,2.06,20.74
ATOM,430.0,H,ALA,31.0,-8.261,7.816,-6.819,0.31,0.2245,2.05
ATOM,431.0,HA,ALA,31.0,-9.875,5.996,-7.01,0.09,1.32,7.42
ATOM,432.0,HB1,ALA,31.0,-7.849,4.662,-5.378,0.09,1.32,0.0
ATOM,433.0,HB2,ALA,31.0,-9.087,3.981,-6.425,0.09,1.32,14.45
ATOM,434.0,HB3,ALA,31.0,-9.482,4.445,-4.776,0.09,1.32,3.15
ATOM,435.0,N,CYS,32.0,-10.935,6.095,-4.354,-0.47,1.85,2.13
ATOM,436.0,CA,CYS,32.0,-11.791,6.622,-3.298,0.07,2.275,2.82
ATOM,437.0,C,CYS,32.0,-12.391,8.004,-3.614,0.51,2.0,0.53
ATOM,438.0,O,CYS,32.0,-13.333,8.103,-4.401,-0.51,1.7,12.19
ATOM,439.0,CB,CYS,32.0,-11.022,6.641,-1.98,-0.1,2.175,1.61
ATOM,440.0,SG,CYS,32.0,-12.012,7.204,-0.557,-0.08,1.975,26.14
ATOM,441.0,H,CYS,32.0,-10.976,5.144,-4.533,0.31,0.2245,7.61
ATOM,442.0,HA,CYS,32.0,-12.612,5.928,-3.191,0.09,1.32,13.26
ATOM,443.0,HB2,CYS,32.0,-10.672,5.642,-1.759,0.09,1.32,3.47
ATOM,444.0,HB3,CYS,32.0,-10.171,7.291,-2.08,0.09,1.32,0.0
ATOM,445.0,N,ARG,33.0,-11.875,9.06,-2.964,-0.47,1.85,0.0
ATOM,446.0,CA,ARG,33.0,-12.39,10.427,-3.139,0.07,2.275,0.88
ATOM,447.0,C,ARG,33.0,-13.013,10.663,-4.508,0.51,2.0,0.0
ATOM,448.0,O,ARG,33.0,-12.5,10.205,-5.527,-0.51,1.7,0.17
ATOM,449.0,CB,ARG,33.0,-11.292,11.464,-2.897,-0.18,2.175,11.25
ATOM,450.0,CG,ARG,33.0,-10.053,11.246,-3.738,-0.18,2.175,5.37
ATOM,451.0,CD,ARG,33.0,-9.128,10.238,-3.088,0.2,2.175,0.0
ATOM,452.0,NE,ARG,33.0,-7.745,10.421,-3.511,-0.7,1.85,1.87
ATOM,453.0,CZ,ARG,33.0,-6.943,11.376,-3.041,0.64,2.0,0.87
ATOM,454.0,NH1,ARG,33.0,-7.367,12.217,-2.104,-0.8,1.85,15.19
ATOM,455.0,NH2,ARG,33.0,-5.708,11.486,-3.506,-0.8,1.85,21.21
ATOM,456.0,H,ARG,33.0,-11.147,8.916,-2.328,0.31,0.2245,0.0
ATOM,457.0,HA,ARG,33.0,-13.158,10.572,-2.394,0.09,1.32,9.62
ATOM,458.0,HB2,ARG,33.0,-11.685,12.444,-3.125,0.09,1.32,8.41
ATOM,459.0,HB3,ARG,33.0,-11.006,11.434,-1.856,0.09,1.32,8.18
ATOM,460.0,HG2,ARG,33.0,-10.346,10.881,-4.712,0.09,1.32,1.61
ATOM,461.0,HG3,ARG,33.0,-9.53,12.185,-3.843,0.09,1.32,7.4
ATOM,462.0,HD2,ARG,33.0,-9.189,10.353,-2.017,0.09,1.32,1.39
ATOM,463.0,HD3,ARG,33.0,-9.451,9.246,-3.359,0.09,1.32,0.0
ATOM,464.0,HE,ARG,33.0,-7.397,9.808,-4.191,0.44,0.2245,0.45
ATOM,465.0,HH11,ARG,33.0,-8.295,12.141,-1.742,0.46,0.2245,6.01
ATOM,466.0,HH12,ARG,33.0,-6.754,12.929,-1.76,0.46,0.2245,18.4
ATOM,467.0,HH21,ARG,33.0,-5.38,10.854,-4.208,0.46,0.2245,3.09
ATOM,468.0,HH22,ARG,33.0,-5.105,12.205,-3.159,0.46,0.2245,18.31
ATOM,469.0,N,THR,34.0,-14.122,11.402,-4.495,-0.47,1.85,3.22
ATOM,470.0,CA,THR,34.0,-14.873,11.76,-5.697,0.07,2.275,3.52
ATOM,471.0,C,THR,34.0,-15.18,10.558,-6.595,0.51,2.0,0.0
ATOM,472.0,O,THR,34.0,-16.341,10.179,-6.748,-0.51,1.7,28.09
ATOM,473.0,CB,THR,34.0,-14.157,12.866,-6.49,0.14,2.275,5.86
ATOM,474.0,OG1,THR,34.0,-14.807,13.093,-7.726,-0.66,1.77,24.6
ATOM,475.0,CG2,THR,34.0,-12.698,12.591,-6.795,-0.27,2.06,21.41
ATOM,476.0,H,THR,34.0,-14.449,11.73,-3.63,0.31,0.2245,13.56
ATOM,477.0,HA,THR,34.0,-15.819,12.158,-5.359,0.09,1.32,13.21
ATOM,478.0,HB,THR,34.0,-14.203,13.781,-5.917,0.09,1.32,14.3
ATOM,479.0,HG21,THR,34.0,-12.286,13.423,-7.347,0.09,1.32,14.61
ATOM,480.0,HG22,THR,34.0,-12.614,11.696,-7.389,0.09,1.32,0.69
ATOM,481.0,HG23,THR,34.0,-12.151,12.467,-5.874,0.09,1.32,0.0
ATOM,482.0,HG1,THR,34.0,-14.506,12.424,-8.418,0.43,0.2245,1.18
ATOM,483.0,N,THR,35.0,-14.154,9.971,-7.198,-0.47,1.85,0.0
ATOM,484.0,CA,THR,35.0,-14.345,8.836,-8.087,0.07,2.275,1.28
ATOM,485.0,C,THR,35.0,-13.001,8.238,-8.494,0.34,2.0,3.85
ATOM,486.0,O,THR,35.0,-12.183,7.961,-7.592,-0.67,1.7,5.95
ATOM,487.0,CB,THR,35.0,-15.124,9.283,-9.327,0.14,2.275,3.75
ATOM,488.0,OG1,THR,35.0,-15.395,8.185,-10.179,-0.66,1.77,18.62
ATOM,489.0,CG2,THR,35.0,-14.395,10.332,-10.141,-0.27,2.06,27.02
ATOM,490.0,OXT,THR,35.0,-12.775,8.052,-9.709,-0.67,1.7,29.72
ATOM,491.0,H,THR,35.0,-13.252,10.311,-7.05,0.31,0.2245,0.0
ATOM,492.0,HA,THR,35.0,-14.918,8.089,-7.56,0.09,1.32,8.72
ATOM,493.0,HB,THR,35.0,-16.067,9.708,-9.012,0.09,1.32,6.11
ATOM,494.0,HG21,THR,35.0,-14.622,10.199,-11.188,0.09,1.32,12.97
ATOM,495.0,HG22,THR,35.0,-13.331,10.232,-9.987,0.09,1.32,4.51
ATOM,496.0,HG23,THR,35.0,-14.713,11.316,-9.827,0.09,1.32,2.8
ATOM,497.0,HG1,THR,35.0,-16.045,7.547,-9.745,0.43,0.2245,23.0
